Category,mean,std,min,max
Mild mouth,0.1685540630182421,0.13043400424874432,0.0004,0.6037
Moderate mouth,0.16454479166666666,0.15310051239158293,0.0,0.7471
Moderate severe mouth,0.22157287694974004,0.1237595799133471,0.0003,0.6203
Severe mouth,0.2741282608695652,0.1392934827354149,0.0079,0.5902
